Ayr,South Ayrshire,,,
Bainsford,Falkirk,,,
Bathgate,West Lothian,,,
Berwick,Northumberland,,,
Bonnybridge,Falkirk,,,
Braehead Park,Renfrewshire,,,
Broxburn,West Lothian,,,
Carntyne,Glasgow City,,,
Chapelcross,Dumfries and Galloway,,,
Charlotte Street,Glasgow City,,,
Coatbridge,North Lanarkshire,,,
Cockenzie,East Lothian,,,
Coylton,South Ayrshire,,,
Crookston,Glasgow City,,,
Cumbernauld,North Lanarkshire,,,
Cupar,Fife,,,
Currie,Edinburgh City,,,
Dalmarnock,Glasgow City,,,
Devol Moor,Inverclyde,,,
Devonside,Clackmannanshire,,,
Dewar Place,Edinburgh City,,,
Drumchapel,Glasgow City,,,
Dumfries,Dumfries and Galloway,,,
Dunbar,East Lothian,,,
Dunfermline,Fife,,,
Easterhouse,Glasgow City,,,
East Kilbride,South Lanarkshire,,,
East Kilbride South,South Lanarkshire,,,
Eccles,Scottish Borders,,,
Elderslie,Renfrewshire,,,
Erskine,Renfrewshire,,,
Finnieston,Glasgow City,,,
Galashields,Scottish Borders,,,
Giffnock,East Renfrewshire,,,
Glenlee,Dumfries and Galloway,,,
Glenluce,Dumfries and Galloway,,,
Glenniston,Fife,,,
Glenrothes,Fife,,,
Gorgie,Edinburgh City,,,
Govan,Glasgow City,,,
Grangemouth,Falkirk,,,
Haggs Road,Glasgow City,,,
Hawick,Scottish Borders,,,
Helensburgh,Argyll and Bute,,,
Inverkeithing,Fife,,,
Johnstone,Renfrewshire,,,
Kaimes,Edinburgh City,,,
Killermont,Glasgow City,,,
Kilmarnock South,East Ayrshire,,,
Kilmarnock Town,East Ayrshire,,,
Kilwinning,North Ayrshire,,,
Leven,Fife,,,
Linmill,South Lanarkshire,,,
Livingston,West Lothian,,,
Maybole,South Ayrshire,,,
Newarthill,North Lanarkshire,,,
Newton Stewart,Dumfries and Galloway,,,
Paisley,Renfrewshire,,,
Partick,Glasgow City,,,
Port Dundas,Glasgow City,,,
Portobello,Edinburgh City,,,
Redhouse,Fife,,,
Saltcoats,North Ayrshire,,,
Shrubhill,Edinburgh City,,,
Sighthill,Edinburgh City,,,
Spango Valley,Invercyde,,,
St Andrews Cross,Glasgow City,,,
Stirling,Stirling,,,
Strathaven,South Lanarkshire,,,
Strathleven,West Dunbartonshire,,,
Telford Road,Edinburgh City,,,
Tongland,Dumfries and Galloway,,,
West George Street,Glasgow City,,,
Westfield,Fife,,,
Whitehouse,Edinburgh City,,,
Wishaw,North Lanarkshire,,,
Abernethy,Perth and Kinross,,,
Alness,Highland,,,
Arbroath,Angus,,,
Ardmore,Eilean Siar,,,
Beauly,Highland,,,
Boat of Garten,Highland,,,
Braco,Perth and Kinross,,,
Bridge of Dun,Angus,,,
Broadford,Highland,,,
Brora,Highland,,,
Burghmuir,Aberdeenshire,,,
Carradale,Argyll and Bute,,,
Charleston,Angus,,,
Clachan,Argyll and Bute,,,
Clayhills,Aberdeen City,,,
Coupar Angus,Angus,,,
Craigiebuckler,Aberdeen City,,,
Dudhope,Dundee City,,,
Dunoon,Argyll and Bute,,,
Dunvegan,Highland,,,
Dyce,Aberdeen City,,,
Elgin,Moray,,,
Fiddes,Aberdeenshire,,,
Fort Augustus,Highland,,,
Fort William,Highland,,,
Fraserburgh,Aberdeenshire,,,
Grudie Bridge,Highland,,,
Inverness,Highland,,,
Keith,Moray,,,
Killin,Perth and Kinross,,,
Kintore,Aberdeenshire,,,
Lairg,Highland,,,
Lunanhead,Angus,,,
Lyndhurst,Dundee City,,,
MacDuff,Aberdeenshire,,,
Milton of Craigie,Dundee City,,,
Mybster,Highland,,,
Nairn,Highland,,,
Persley,Aberdeen City,,,
Peterhead Grange,Aberdeenshire,,,
Port Ann,Argyll and Bute,,,
Quoich,Aberdeenshire,,,
Redmoss,Aberdeen City,,,
Shin,Highland,,,
Sloy,Argyll and Bute,,,
Strichen,Aberdeenshire,,,
Tarland,Aberdeenshire,,,
Taynuilt,Argyll and Bute,,,
Thurso,Highland,,,
Tummel Bridge,Perth and Kinross,,,
Willowdale,Aberdeen City,,,
Woodhill,Angus,,,
